Ochakiv,Ukraine
Tomice,Poland
Citeureup,Indonesia
Daojiang,China
Sundbyberg,Sweden
Liaobu,China
Komiža,Croatia
Chunjiang,China
Göteborg,Sweden
Saijō,Japan
Boulogne-sur-Mer,France
Fulu,China
Sagrada Familia,Philippines
Crumlin,Ireland
Neftegorsk,Russia
Alvaiázere,Portugal
Drosáto,Greece
Itamarandiba,Brazil
Pukhavichy,Belarus
Boto,Indonesia
Bahaodi,China
Tailing,China
Gwanda,Zimbabwe
Sioux City,United States
Guri-si,South Korea
Young America,United States
Paranaguá,Brazil
Granada,Spain
Chaihe,China
Pompéu,Brazil
Jacksonville,United States
Meylan,France
Dvůr Králové nad Labem,Czech Republic
Ubatuba,Brazil
Januszkowice,Poland
Khurriānwāla,Pakistan
Gramaços,Portugal
Malakwal City,Pakistan
Aguas Corrientes,Uruguay
Siao,Thailand
Kiel,Germany
Sarandë,Albania
Siraway,Philippines
Kigoma,Tanzania
Nanyaojie,China
Suwaduk,Indonesia
Kertapura,Indonesia
Kyra,Russia
Chuanshan,China
Bakovci,Slovenia
Moorreesburg,South Africa
Rongcheng,China
Miguel Aleman,Mexico
Sonquil,Philippines
Novorossiysk,Russia
Los Palacios,Cuba
Jetak Kulon,Indonesia
La Molina,Peru
Mingjiu,China
Ludishan,China
Gutalac,Philippines
Zhaxirabdain,China
Trà Vinh,Vietnam
Romba,Indonesia
Medellín,Colombia
Useldange,Luxembourg
Pudasjärvi,Finland
Santa Elena de Uairén,Venezuela
Jingxin,China
Chuantang,China
Banjar Serangan,Indonesia
Sunne,Sweden
Seattle,United States
Krajan Rowokangkung,Indonesia
Vin’kivtsi,Ukraine
Arteche,Philippines
Futian,China
Tamot,Thailand
Guiset East,Philippines
Temizhbekskaya,Russia
Ceranów,Poland
Strazhitsa,Bulgaria
Karangtengah Lor,Indonesia
Bern,Switzerland
Langley,United Kingdom
Chengshan,China
Toba Tek Singh,Pakistan
Lundo,Indonesia
Vicente Guerrero,Mexico
Yuchi,China
Fès,Morocco
Wantian,China
Lampari,Philippines
Diepsloot,South Africa
Mytishchi,Russia
Jin’an,China
Stockholm,Sweden
Xiaochi,China
Alexandria,United States
Ziliang,China
Zhigalovo,Russia
Cabanaconde,Peru
Quilo-quilo,Philippines
Dabachang,China
Alpiarça,Portugal
Ouani,Comoros
Ripky,Ukraine
Cipari Satu,Indonesia
Pagsabangan,Philippines
Bugarama,Tanzania
Lisakovsk,Kazakhstan
Giade,Nigeria
Bauta,Cuba
Caen,France
Tekstil’shchiki,Russia
Pato-o,Philippines
Ampasimanolotra,Madagascar
Rungis,France
Ketang,China
Wincrange,Luxembourg
Chotcza,Poland
Mudon,Myanmar
Odoyev,Russia
Beloye,Russia
Ponta da Garça,Portugal
Savski Venac,Serbia
Gora,Nigeria
Gorē,Ethiopia
Fort Beaufort,South Africa
Ponte Nova,Portugal
El Matama,Sudan
Wedoro,Indonesia
Itabaiana,Brazil
Dębnica Kaszubska,Poland
Derbur,China
Mae Sot,Thailand
Alcaria,Portugal
Chapultepec,Mexico
Judaydah,Yemen
Carrefour,Haiti
Danxi,China
Karangsari,Indonesia
Göteborg,Sweden
Guanxi,China
Wangjiang,China
Ol Kalou,Kenya
Berlin,Germany
Tha Ruea,Thailand
Twante,Myanmar
Montpellier,France
Jaraguá,Brazil
Hvozdná,Czech Republic
Sobinka,Russia
Buur Gaabo,Somalia
Taivalkoski,Finland
Kozje,Slovenia
Dishnā,Egypt
Cipadung,Indonesia
Binalbagan,Philippines
São Gabriel da Cachoeira,Brazil
Kungshamn,Sweden
Hengshan,China
Ban Phan Don,Thailand
Mafra,Portugal
Mobara,Japan
Shangping,China
Alabat,Philippines
Novomoskovsk,Russia
Strogino,Russia
Valsamáta,Greece
Uk,Russia
Scottsdale,United States
Hanjianglu,China
Meudon,France
São Sebastião do Paraíso,Brazil
Mehrābpur,Pakistan
Damanhūr,Egypt
Ridder,Kazakhstan
Nepalgunj,Nepal
Ban Phaeo,Thailand
Marte,Nigeria
Shetangpo,China
Bigaan,Philippines
"Coruña, A",Spain
Maiac,Moldova
Bang Rakam,Thailand
Wonokerto,Indonesia
Orléans,France
Ringim,Nigeria
Bautista,Philippines
Bolondrón,Cuba
Sanchahe,China
Puan,South Korea
Tianzhuang,China
Keleng,Indonesia
Shādegān,Iran
Nanchoc,Peru
Toride,Japan
Barnaul,Russia
Masoli,Philippines
Bangshipu,China
Pruchnik,Poland
San Juan Nepomuceno,Colombia
Launceston,Australia
Krynki,Poland
Verkhnyaya Tura,Russia
Lesuhe,China
Áno Liósia,Greece
Porto Feliz,Brazil
Aba,China
Höganäs,Sweden
Mqabba,Malta
Haizhouwobao,China
Liloan,Philippines
Gangdong,China
Annotto Bay,Jamaica
Changfeng,China
Great Neck,United States
Arnelas,Portugal
Krzęcin,Poland
Muarabuliti,Indonesia
Il’ka,Russia
Kongjiafang,China
Miandrivazo,Madagascar
Fenchen,China
Kos,Greece
Woro,Indonesia
Chipinge,Zimbabwe
Le Lamentin,Martinique
Chenzui,China
Forino,Macedonia
Azul,Argentina
Valencia,Philippines
Jargalant,Mongolia
Montgomery,United States
Pampa Hermosa,Peru
Huzhen,China
Lyon,France
Jiangwakou,China
Sallanches,France
Tabatinga,Brazil
Youfang,China
Curug,Indonesia
Urayasu,Japan
Malvas,Peru
La Estrella,Colombia
Hanlin,China
São Tomé,Sao Tome and Principe
L’vovskiy,Russia
Chumen,China
Medvedok,Russia
Saint-Pierre,Saint Pierre and Miquelon
Gaojiazhuang,China
Ḩadādah,Yemen
Yangping,China
Novosil’,Russia
Belsh,Albania
Xinglin,China
Palestina,Colombia
Ersekë,Albania
Al Kiswah,Syria
Bulakan,Indonesia
Sogamoso,Colombia
Fazenda de Santa Cruz,Portugal
Envigado,Colombia
Zhuli,China
Tangtu,China
Skeldon,Guyana
Fruitvale,Canada
Casigua El Cubo,Venezuela
Aglalana,Philippines
Fangshan,China
Phu Kradueng,Thailand
Sāqayn,Yemen
Lengkongjaya,Indonesia
Novoukrayinka,Ukraine
Yeysk,Russia
São Domingos,Portugal
Purbalingga,Indonesia
San Jerónimo,Peru
Potolo,Bolivia
Jijiga,Ethiopia
Nogueira,Portugal
Ikaalinen,Finland
Salantai,Lithuania
Kushima,Japan
‘Ayn Ḩalāqīm,Syria
Khanino,Russia
Miaoshou,China
Seputih,Indonesia
Tarumizu,Japan
Maebashi-shi,Japan
Alcoutim,Portugal
Mahe,China
Tanza,Philippines
Lovran,Croatia
Mislak,Indonesia
Strančice,Czech Republic
Trostyanets’,Ukraine
Serh,China
Ngetkib,Palau
Mirovice,Czech Republic
Kalde Panga,Indonesia
Leones,Argentina
Laspezia,Italy
Xianghe,China
Yuyapichis,Peru
Gurinai,China
Káto Glikóvrisi,Greece
Verkhniy Lomov,Russia
Dian-ay,Philippines
Kamieniec Ząbkowicki,Poland
Marang,Indonesia
Spas,Ukraine
Peukanbada,Indonesia
Till,Palestinian Territory
Bantarsari Kulon,Indonesia
Roberval,Canada
Carregueira,Portugal
Mniszków,Poland
Rolante,Brazil
Lahan Sai,Thailand
Chifeng,China
Linköping,Sweden
Várzea,Portugal
Bálsamo Oriental,Honduras
Huskvarna,Sweden
Barmash,Albania
Blora,Indonesia
Kushikino,Japan
Papágou,Greece
Jurh,China
Hongxi,China
‘Izbat al Burj,Egypt
Bosobolo,Democratic Republic of the Congo
Nabire,Indonesia
Nässjö,Sweden
Thāru Shāh,Pakistan
Huanglong,China
La Montañita,Colombia
Dagkar,China
Tecpán Guatemala,Guatemala
Kazanlŭk,Bulgaria
Mashui,China
Knoxville,United States
Hongsihu,China
Athmuqam,Pakistan
Tanlin,China
Durham,United States
Nakasongola,Uganda
Senj,Croatia
Manassas,United States
Pinayagan Norte,Philippines
Pokrzywnica,Poland
Huxiaoqiao,China
Inuyama,Japan
Kladno,Czech Republic
Dasha,China
Anderstorp,Sweden
Portland,United States
Verkhov’ye,Russia
Presidente Médici,Brazil
San José Acatempa,Guatemala
Baffa,Pakistan
Turanj,Croatia
Embarcación,Argentina
Maroantsetra,Madagascar
Okayama-shi,Japan
Oleszyce,Poland
Yixing,China
Longhuashan,China
Turets-Bayary,Belarus
Xiabeisi,China
Muzi,China
Sungaiduri,Indonesia
Santa Anita,Mexico
Buyunshan,China
Chengbei,China
Ikalamavony,Madagascar
Dŭstí,Tajikistan
Veisiejai,Lithuania
Carangola,Brazil
Grajaú,Brazil
Gadzhiyevo,Russia
Jesenice,Czech Republic
Göteborg,Sweden
Ivanovskoye,Russia
Jingchuan Chengguanzhen,China
Além,Portugal
Chhāgalnāiya,Bangladesh
Canjulao,Philippines
Qiping,China
Aimin,China
La’ershan,China
Arboga,Sweden
Banī Walīd,Libya
Hvozdná,Czech Republic
Alberton,Canada
Pępowo,Poland
Santa Cruz,Philippines
Jiang’an,China
Cimuncang,Indonesia
Baturaden,Indonesia
Qingshuitang,China
Ngetkib,Palau
Rila,Bulgaria
Nador,Morocco
Chok Chai,Thailand
Twante,Myanmar
Pont-Rouge,Canada
Qigzhi,China
Bilicenii Vechi,Moldova
Qila Abdullāh,Pakistan
Wudan,China
Santa Cruz,Portugal
El Mida,Tunisia
Grzmiąca,Poland
Orhei,Moldova
Al Jarrāḩī,Yemen
Qingshan,China
Al ‘Ashshah,Yemen
Río Segundo,Argentina
Laugar,Iceland
Ayolas,Paraguay
Mazamet,France
Varoška Rijeka,Bosnia and Herzegovina
Tangdukou,China
Jatirogo,Indonesia
Funchal,Portugal
Karangbungur,Indonesia
‘Amrān,Yemen
Bonnyville,Canada
Kristianstad,Sweden
Okahandja,Namibia
Ban Phan Don,Thailand
Newark,United States
Carpalho,Portugal
Inđija,Serbia
Gunung Sugih,Indonesia
Newport Beach,United States
Tanggulangin,Indonesia
Benito Juarez,Mexico
Extrema,Brazil
Oslo,Norway
Fox Creek,Canada
New York City,United States
Thành Phố Ninh Bình,Vietnam
Toba Tek Singh,Pakistan
Saint-Quentin-en-Yvelines,France
Lambangan Kulon,Indonesia
Nanzhang Chengguanzhen,China
Zhonghouhe,China
Dois Portos,Portugal
Baoping,China
Bomomani,Indonesia
Banisilan,Philippines
Santa Cruz,Mexico
Mezhevoy,Russia
Извор,Macedonia
Yanweigang,China
Sipoholon,Indonesia
Heshe,China
Qingfenglin,China
Heilbronn,Germany
Morbatoh,Indonesia
Atlasovo,Russia
Krásná Lípa,Czech Republic
Chiduo,China
Puerto Ayacucho,Venezuela
Louisville,United States
Las Palmas,Mexico
Fteliá,Greece
Pejek,Indonesia
Sri Jayewardenepura Kotte,Sri Lanka
Xinjian,China
Jialu,China
Karlstad,Sweden
Xitiangezhuang,China
Zyuzino,Russia
Camgyai,China
Liyuan,China
Itajuípe,Brazil
Karlskoga,Sweden
Bakulong,Philippines
Muzi,China
Kete Krachi,Ghana
Gaobu,China
Haodian,China
Shuangyang,China
Mendoza,Argentina
Forninho,Portugal
Tanjungsari Barat,Indonesia
Jiuzhai,China
Ganlin,China
Waiklibang,Indonesia
Stochov,Czech Republic
Pasadena,Canada
Kedawung,Indonesia
Wanmu,China
Simpang,Indonesia
Shorapani,Georgia
Tymoshivka,Ukraine
Pasirjengkol,Indonesia
No Kunda,Gambia
Linköping,Sweden
Sanjiang,China
Sunan,North Korea
Askeaton,Ireland
José de Freitas,Brazil
Khamyāb,Afghanistan
Xicheng,China
Pariti,Indonesia
Randuagung,Indonesia
Yushan,China
Likiep,Marshall Islands
Kasakh,Armenia
Krasnyy Oktyabr’,Russia
Vel’sk,Russia
Bimbo,Central African Republic
West Palm Beach,United States
San Pablo,Peru
Xinfeng,China
Genyem,Indonesia
Ejidal,Mexico
Araguari,Brazil
Cuauhtemoc,Mexico
San Ramon,Philippines
Manorom,Thailand
Katunayaka,Sri Lanka
København,Denmark
Mendoza,Argentina
Samborondón,Ecuador
Phu Khiao,Thailand
Panggungasri,Indonesia
Beichengqu,China
Ifanadiana,Madagascar
San Sebastián,El Salvador
Dzerzhinsk,Russia
Jantake,Indonesia
Znamenka,Russia
Huaguoshan,China
Santa Cruz,Mexico
Sawankhalok,Thailand
Taboc,Philippines
Simimbaan,Philippines
Vykhino-Zhulebino,Russia
Fezna,Morocco
Jiahe,China
Perovo,Russia
Manzil Bū Zalafah,Tunisia
Shangping,China
Baratã,Portugal
Seattle,United States
Shchukino,Russia
San Antonio,United States
Colca,Peru
Sokhumi,Georgia
San Javier,Argentina
San Pedro,Argentina
Hehe,China
Évreux,France
Santa Lucia,Philippines
Sudikampir,Indonesia
Leon,Spain
Makamba,Burundi
Gendiwu,Indonesia
Tunggar,China
Huta Stara B,Poland
Estreito Câmara de Lobos,Portugal
Tílisos,Greece
Kalugmanan,Philippines
Union,Philippines
Xinbao,China
Moriki,Nigeria
Baruchowo,Poland
Garissa,Kenya
Manadhoo,Maldives
Jinhua,China
Santiago Vázquez,Uruguay
Xitou,China
Kasamwa,Tanzania
Kafr ad Dawwār,Egypt
Kwekwe,Zimbabwe
Harrisburg,United States
Cheyenne,United States
Xinhe,China
Couva,Trinidad and Tobago
Dole,France
Santo Niño,Philippines
Dalar,Armenia
Tongtuan,China
Kauditan,Indonesia
Mirsíni,Greece
Shipka,Bulgaria
Zhangjiabao,China
‘Akko,Israel
Liquan Chengguanzhen,China
Pampas,Peru
Capacmarca,Peru
Leran,Indonesia
Jambuir Timur,Indonesia
Charlotte,United States
Shuanghekou,China
Lárdos,Greece
Zabłocie,Poland
Tadou,China
Huocheng,China
Tanguiéta,Benin
Alenquer,Brazil
Douba,China
Padasuka,Indonesia
Krasnotur’insk,Russia
Bethlehem,South Africa
Barentu,Eritrea
Santa Cruz do Capibaribe,Brazil
Shaxi,China
Bandeirantes,Brazil
La Paz,Colombia
Clermont-Ferrand,France
Liangdang Chengguanzhen,China
Los Tangos,Honduras
Detroit,United States
Jiangfeng,China
Gar,China
Kambia,Sierra Leone
Las Palomas,Paraguay
Komsomolets,Kazakhstan
Lyskovo,Russia
Chaloem Phra Kiat,Thailand
Nanyang,China
Bisée,Saint Lucia
Jiaoyuan,China
Phoenix,United States
Az Zawr,Kuwait
Qiancang,China
Maranura,Peru
Tikhvin,Russia
Ekibastuz,Kazakhstan
Tanahwangko,Indonesia
Tupesy,Czech Republic
Iberia,Peru
Söderhamn,Sweden
Renliu,China
Aībak,Afghanistan
Dunhua,China
Baleal,Portugal
Bonpland,Argentina
Sam Phran,Thailand
Artesianón,Greece
Izmaylovo,Russia
Noramarg,Armenia
Krajan Alastengah,Indonesia
Rupe,Indonesia
Larreynaga,Nicaragua
Tucuruí,Brazil
Shiyan,China
Jandir,Indonesia
Ujungpangkah,Indonesia
Washington,United States
Huayllabamba,Peru
Maricá,Brazil
Ringim,Nigeria
Mieszkowice,Poland
Paarl,South Africa
Suan Luang,Thailand
Housuo,China
Priargunsk,Russia
Puerto Tejada,Colombia
Shah Alam,Malaysia
Santa Ana,Guatemala
Xiaozhang,China
Santo Antônio do Monte,Brazil
Cikujang,Indonesia
Borzęcin,Poland
Ciampea,Indonesia
Zhuangtou,China
Santo António,Portugal
Paranaguá,Brazil
Zambrów,Poland
Milán,Colombia
Abuko,Gambia
Cinyumput,Indonesia
Sambir,Ukraine
Longos,Philippines
Choma,Zambia
Nanfeng,China
Lam Sonthi,Thailand
Haparanda,Sweden
Maubeuge,France
Rotterdam postbusnummers,Netherlands
Wuluo,China
Omiš,Croatia
Ad Dujayl,Iraq
Novonukutskiy,Russia
Orlândia,Brazil
San Pedro,Philippines
Padasuka,Indonesia
Teófilo Otoni,Brazil
Myanaung,Myanmar
Bella Vista,Dominican Republic
Satun,Thailand
Meia Via,Portugal
Campo Formoso,Brazil
Jingzhou,China
Ra-ngae,Thailand
Clermont-Ferrand,France
Cergy-Pontoise,France
San Andros,Bahamas
Shunling,China
Jugezhuang,China
Bantarmangu,Indonesia
Dadong,China
Kuleqi,China
Metz,France
Dahe,China
Gandu,Brazil
Nizhnyaya Tura,Russia
Cardal,Portugal
Lang,China
Johor Bahru,Malaysia
Kayakent,Russia
Bejuco,Panama
Ōta,Japan
Jinqiao,China
Sandao,China
Néa Karyá,Greece
Juan N Alvarez,Mexico
Carleton-sur-Mer,Canada
Paris 09,France
Kusheriki,Nigeria
El Fahs,Tunisia
Pakis,Indonesia
Nageswari,Bangladesh
Abū Qalqal,Syria
Jiangtun,China
Neofbaun,Indonesia
Limbi,Comoros
Saltpond,Ghana
Luzhi,China
Zhongshan,China
Pridonskoy,Russia
Zvole,Czech Republic
Tugu,Indonesia
Pajarillo,Peru
Hněvotín,Czech Republic
Phalaborwa,South Africa
Vilca,Peru
Pindi Gheb,Pakistan
Manhan,Mongolia
Corquín,Honduras
Sebulu,Indonesia
Antony,France
Amānzī,Afghanistan
Clermont-Ferrand,France
Karmah an Nuzul,Sudan
Lubukalung,Indonesia
Hadāli,Pakistan
Birnin Kebbi,Nigeria
La Concepcion,Mexico
Winston Salem,United States
Bonn,Germany
Tingping,China
Luleå,Sweden
Linjiang,China
Seka,Thailand
Huishangang,China
Danja,Nigeria
Igarra,Nigeria
Loo,Estonia
Trąbki,Poland
Mataraben,Indonesia
Del Pilar,Philippines
San José de Colinas,Honduras
Binguang,Philippines
Vestmanna,Faroe Islands
Uujim,Mongolia
Paya Dapur,Indonesia
Magtaking,Philippines
Sacramento,United States
Kulutan,Indonesia
Bayan,China
Eshan,China
Świnice Warckie,Poland
Poniatowa,Poland
Sapotskin,Belarus
Alençon,France
Metahāra,Ethiopia
Frederiksberg,Denmark
Steinkjer,Norway
Jinshanzui,China
Klippan,Sweden
Impendle,South Africa
Lochovice,Czech Republic
Palpalá,Argentina
Leskovec pri Krškem,Slovenia
Asan Kumbang,Indonesia
Gedera,Israel
Cungking,Indonesia
Recreio,Brazil
Enhtal,Mongolia
Várzea de Sintra,Portugal
São Bento,Portugal
Uticyacu,Peru
Galatás,Greece
Klatakan,Indonesia
Nagoselo do Douro,Portugal
Selat,Indonesia
Stary Sącz,Poland
Kisesa,Tanzania
Kunheda Woerzu Manzu,China
Braunschweig,Germany
Meliau,Indonesia
Qinshan,China
Rasony,Belarus
Rungkam,Indonesia
Beringinjaya,Indonesia
Luleå,Sweden
Niigata-shi,Japan
Faaa,French Polynesia
Sholokhove,Ukraine
Kyzyl-Burun,Azerbaijan
Ōmihachiman,Japan
Zawichost,Poland
Khŭjand,Tajikistan
Chenjiatan,China
Akhaltsikhe,Georgia
Chengshan,China
Borjomi,Georgia
Pizarrete,Dominican Republic
Nizhniy Lomov,Russia
Siso,Indonesia
Jingang,China
Dogondoutchi,Niger
Guaimaca,Honduras
San Francisco,Costa Rica
Comendador,Dominican Republic
Osinniki,Russia
Hongtang,China
Silva Jardim,Brazil
Kario,Pakistan
Baliuag Nuevo,Philippines
Dowan,Indonesia
Jimeta,Nigeria
Yelkhovka,Russia
Kotauneng,Indonesia
Nieborów,Poland
Zhoukou,China
Qiangtou,China
Ekibastuz,Kazakhstan
Katrineholm,Sweden
Piedra del Águila,Argentina
Changtan,China
Tayāsīr,Palestinian Territory
San Bernardo,Chile
Gwangtan,South Korea
Leśnica,Poland
Banjar Pangkungtibah Selatan,Indonesia
Gnieżdżewo,Poland
Nivnice,Czech Republic
Palhoça,Brazil
Chvalšiny,Czech Republic
Independencia,Mexico
Mancogeh,Indonesia
Opi,Nigeria
Layu,China
Libei,China
Xiejia,China
Caleta Cruz,Peru
Changqi,China
Istres,France
Dula’er Ewenke Minzu,China
Kamina,Democratic Republic of the Congo
Yongfeng,China
Campos do Jordão,Brazil
Fukushima-shi,Japan
Noshiro,Japan
Mosteiró,Portugal
Dengzhuang,China
Mangga Dua,Indonesia
Almalaguês,Portugal
Pining,Indonesia
Vysokogornyy,Russia
Pasar,Indonesia
Lembur Tengah,Indonesia
Saint-Ouen,France
Velké Svatoňovice,Czech Republic
Mabiton,Philippines
Vichuga,Russia
Radenka,Serbia
Sukorejo,Indonesia
Tangjian,China
Ronneby,Sweden
Anling,China
Hekou,China
Sumbersih,Indonesia
Morro do Chapéu,Brazil
Koloniya Zastav’ye,Ukraine
Okiot,Philippines
Minas de Oro,Honduras
Yu’erhong,China
Hato Mayor del Rey,Dominican Republic
Drosáto,Greece
Achada,Portugal
Xinxing,China
Lanús,Argentina
‘Afīf,Saudi Arabia
Shifo,China
Jiukou,China
Ribeirópolis,Brazil
Nuamuzi,Indonesia
Krajan,Indonesia
Stony Plain,Canada
Buenavista,Mexico
Al Ḩarāk,Syria
Youguzhuang,China
Sarapul,Russia
Phu Luang,Thailand
Châteaudun,France
Azeitão,Portugal
Lijiaping,China
Cibungur,Indonesia
Hậu Nghĩa,Vietnam
Pýrgos,Greece
Tetovo,Macedonia
Oli,Indonesia
Pardubice,Czech Republic
Topdac,Philippines
Jabungsisir,Indonesia
Nanxindian,China
Cergy-Pontoise,France
Cipatat,Indonesia
Huyuan,China
Phichai,Thailand
Bagorejo,Indonesia
Al Ḩashwah,Yemen
Fāryāb,Iran
Melíssia,Greece
Aliaga,Philippines
Diré,Mali
Kilifi,Kenya
Xianan,China
Długosiodło,Poland
Tomsk,Russia
Ngrejo,Indonesia
Banzão,Portugal
Srbinovo,Macedonia
Rāmsar,Iran
Yaring,Thailand
Nkpor,Nigeria
Mons,Belgium
Hengduo,China
Stavanger,Norway
Cumanayagua,Cuba
Dédougou,Burkina Faso
Zheshart,Russia
Roudnice nad Labem,Czech Republic
Sabanalarga,Colombia
Agoo,Philippines
Skrunda,Latvia
Vårby,Sweden
Huai’an,China
Almargem do Bispo,Portugal
Kabalen,Philippines
Agdzhabedy,Azerbaijan
Karvia,Finland
Pangu,China
Böhöt,Mongolia
Orléans,France
Íasmos,Greece
Evansville,United States
Bastia,France
Urpay,Peru
Kujang-ŭp,North Korea
Xinqiao,China
Saint-Ambroise,Canada
Har Nur,China
Ar Riqāmā,Syria
Bronkhorstspruit,South Africa
Xiaojian,China
Chixi,China
Louisville,United States
Geoktschai,Azerbaijan
Kempele,Finland
Trairi,Brazil
Ujiie,Japan
Bang Kho Laem,Thailand
Torslanda,Sweden
Leńcze,Poland
Degeberga,Sweden
Nobo,Indonesia
Chandra,Comoros
Carromeu,Portugal
Borisovka,Russia
Danxi,China
Simitli,Bulgaria
Flushing,United States
Stepanivka,Ukraine
Provo,United States
Lukou,China
Bakaran Kulon,Indonesia
Kabulusan,Philippines
Vila Ribeiro,Portugal
Smołdzino,Poland
Birqīn,Palestinian Territory
Svetlogorsk,Russia
Cikole,Indonesia
As Samawah,Iraq
Opočno,Czech Republic
Zarechnyy,Russia
Tabon,Philippines
Berlin,Germany
Funafuti,Tuvalu
Clearwater,United States
Pasonobenu,Indonesia
Rudy,Poland
Gonça,Portugal
Néa Flogitá,Greece
Biyong,China
Gon’ba,Russia
Berezna,Ukraine
Xuanbao,China
Nizhnyaya Tavda,Russia
Ash Shaḩānīyah,Qatar
Jiuting,China
Conde,Brazil
Alès,France
Hamberang Sabrang,Indonesia
Ugljevik,Bosnia and Herzegovina
Australia Square,Australia
Kiernozia,Poland
Klášterec nad Ohří,Czech Republic
Paris La Défense,France
Taishan,China
Nangka,Philippines
Pābna,Bangladesh
Kadusimbar,Indonesia
Cololaca,Honduras
Maesan,Indonesia
Sardasht,Iran
Vojnić,Croatia
Tursunzoda,Tajikistan
Makiv,Ukraine
Ntaur Satu,Indonesia
Bambas,Peru
Cidadap,Indonesia
Sharga,Mongolia
Växjö,Sweden
Shibganj,Bangladesh
Daleszyce,Poland
Vysotsk,Russia
Mazār-e Sharīf,Afghanistan
São Gonçalo do Sapucaí,Brazil
Fort-de-France,Martinique
Locminé,France
Velké Karlovice,Czech Republic
Aoji-ri,North Korea
Al Qadarif,Sudan
Jelat,Indonesia
Caojia,China
Leiden,Netherlands
Shilin,China
Yuetang,China
Lugang,China
Lyon,France
Nanfeng,China
Shuijiang,China
Trstenik,Serbia
Ayapel,Colombia
Huangwan,China
Ortigueira,Brazil
Vershino-Shakhtaminskiy,Russia
Tongli,China
Shangyu,China
Mutoko,Zimbabwe
Moriguchi,Japan
Marco de Canaveses,Portugal
Casilda,Argentina
Macon,United States
Redcliff,Zimbabwe
Bruzual,Venezuela
São Sebastião,Portugal
Budapest,Hungary
Trelleborg,Sweden
Jatiwangi,Indonesia
Bërxull,Albania
Nanniu,China
Mangarine,Philippines
Balrothery,Ireland
Luzhuangzi,China
Tsaghkadzor,Armenia
Xinchang,China
Thị Trấn Phong Thổ,Vietnam
Pandansari,Indonesia
Malita,Philippines
Birr,Ireland
El Zapote,Mexico
Karata,Russia
Järfälla,Sweden
Bieliny,Poland
Juan L. Lacaze,Uruguay
Akashi,Japan
Luofang,China
Manquiring,Philippines
Qalyūb,Egypt
Ponta Delgada,Portugal
Salekhard,Russia
Az Ziyārah,Syria
Lakeland,United States
Alvarães,Brazil
Tucuruí,Brazil
Colomi,Bolivia
Bolobo,Democratic Republic of the Congo
Al Fukhkhārī,Palestinian Territory
Luchingu,Tanzania
Cucuyagua,Honduras
Annonay,France
Chinandega,Nicaragua
Cachipay,Colombia
Kotabaru Hilir,Indonesia
Keluke,China
Cosquín,Argentina
Kotakan Selatan,Indonesia
Gotse Delchev,Bulgaria
Profítis Ilías,Greece
Limushan,China
Chełmża,Poland
Dallas,United States
Garland,United States
San Antonio,Argentina
Masaya,Nicaragua
Itapetininga,Brazil
Lameira,Portugal
Quillabamba,Peru
Guayatá,Colombia
Hwangju-ŭp,North Korea
Mporokoso,Zambia
Conchagua,El Salvador
Sukapura,Indonesia
Lazaro Cardenas,Mexico
Nancy,France
Oljoq,China
Herrera,Argentina
Shuangqiao,China
Bantarsari Kulon,Indonesia
Mocun,China
Troitsk,Russia
Larangan,Indonesia
Nemby,Paraguay
Pangradin Satu,Indonesia
Yunhe,China
Alakak,China
Hamburg,Germany
Keren,Eritrea
Crespo,Argentina
Fengshan,China
San Roque,Philippines
Lovisa,Finland
Postřelmov,Czech Republic
Morales,Colombia
Jampang Tengah,Indonesia
Yessentuki,Russia
Talzemt,Morocco
Essen,Germany
Vychegodskiy,Russia
San Quintin,Philippines
Al Jafr,Saudi Arabia
Layo,Peru
Charagua,Bolivia
Agudos,Brazil
Baishan,China
Āstārā,Iran
Cimaragas,Indonesia
Maraial,Brazil
Ełk,Poland
Sandaohezi,China
Sathon,Thailand
Pelópion,Greece
Qiaotou,China
Mitry-Mory,France
Lajarik,Indonesia
Hluhluwe,South Africa
Villamontes,Bolivia
Gagarawa,Nigeria
Ustyuzhna,Russia
Ferkessédougou,Ivory Coast
Xitieshan,China
Amānzī,Afghanistan
Fonte Boa,Brazil
Vershino-Shakhtaminskiy,Russia
Podhum,Croatia
El Águila,Colombia
Toyoshina,Japan
Benhao,China
Monchegorsk,Russia
Karangbadar Kidul,Indonesia
Benito Juarez,Mexico
Baitian,China
Vogar,Iceland
Mýto,Czech Republic
Jindong,China
Kandava,Latvia
Meixi,China
Tamiso,Philippines
Chaiyaphum,Thailand
Stetseva,Ukraine
Mobile,United States
Krasnokamensk,Russia
Goris,Armenia
Marinilla,Colombia
Pandanwangi,Indonesia
Ilagan,Philippines
Vecpiebalga,Latvia
Maodao,China
Arapiraca,Brazil
La Paz Centro,Nicaragua
Tarrafal de São Nicolau,Cape Verde
Umag,Croatia
Rodotópi,Greece
Macamic,Canada
Toumodi,Ivory Coast
Sanming,China
Bernardo Larroudé,Argentina
San,Mali
Thị Trấn Phong Thổ,Vietnam
Cana Chapetón,Dominican Republic
Madruga,Cuba
Afaahiti,French Polynesia
Kolç,Albania
Montemor-o-Velho,Portugal
Fria,Guinea
Ban Haet,Thailand
Zinat,Morocco
Dongting,China
Diriá,Nicaragua
Libao,China
Shiliting,China
Sidaraja,Indonesia
Amga,Russia
Rancho Viejo,Mexico
Changgou,China
Sumberrejo,Indonesia
Kaminoyama,Japan
Nazran’,Russia
Allacapan,Philippines
Ganggawang,Indonesia
Trikora,Indonesia
Montasik,Indonesia
Barcelona,Spain
Valdemarsvik,Sweden
Kedungreja,Indonesia
Shanmuqiao,China
Siuna,Nicaragua
Balad,Iraq
Stetseva,Ukraine
Springfield,United States
Vidin,Bulgaria
Qujing,China
Beruniy,Uzbekistan
Yuexi,China
Dashkawka,Belarus
Darłowo,Poland
Huaqiu,China
Haocun,China
Zhuanqukou,China
Rakitovo,Bulgaria
Stony Hill,Jamaica
Horokhiv,Ukraine
Cocobeach,Gabon
Les Abymes,Guadeloupe
Santo Domingo de los Colorados,Ecuador
Atlanta,United States
Presidente Médici,Brazil
Sidokumpul,Indonesia
Thạnh Mỹ,Vietnam
Vykhino-Zhulebino,Russia
Gengzhuang,China
Xinying,China
Cibangun Tengah,Indonesia
Ngluweng Dua,Indonesia
São Cristóvão,Brazil
Zamość,Poland
Portela,Portugal
Kitimat,Canada
Jinan,China
Studenec,Czech Republic
Roanoke,United States
Brest,France
Cevicos,Dominican Republic
Birni N Konni,Niger
Rio Bonito,Brazil
Sokolniki,Poland
San Pedro,Mexico
Bazi,China
Kudang,Indonesia
Mirzāpur,Bangladesh
Gondang,Indonesia
Khun Han,Thailand
Židlochovice,Czech Republic
Jiaxian Chengguanzhen,China
Sabnie,Poland
Banisilan,Philippines
Rijau,Nigeria
Talmest,Morocco
Buguruslan,Russia
Hongshunli,China
Chadian,China
Santa Rita Aplaya,Philippines
Vila Franca da Beira,Portugal
Nieszawa,Poland
Liulin,China
Medvezh’yegorsk,Russia
Busuanga,Philippines
Tumu’ertai,China
Podgortsy,Ukraine
Nieuwegein,Netherlands
Kochenëvo,Russia
Vale de Touros,Portugal
Sorong,Indonesia
Wudabao,China
Čair,Macedonia
Big Bend,Swaziland
Sungai Raya,Indonesia
Mae Ramat,Thailand
Gävle,Sweden
Leskolovo,Russia
Wolbrom,Poland
San Miguel,Philippines
Irará,Brazil
Jieheshi,China
Sanxi,China
Benešov,Czech Republic
Guder,Ethiopia
Georgiyevsk,Russia
Salvacion,Philippines
Täby,Sweden
Pieńsk,Poland
Áyios Vasílios,Greece
Kolpny,Russia
Saint Pierre,Mauritius
Opatowiec,Poland
Yuncheng,China
Foz Giraldo,Portugal
Gonghe,China
Bafilo,Togo
Hugang,China
Weizheng,China
Pigí,Greece
Tanjungagung,Indonesia
Funabashi,Japan
Hankha,Thailand
Jiaogong,China
Ngaoundéré,Cameroon
Canhestros,Portugal
Lubukgadang,Indonesia
Greensboro,United States
Vale da Serra,Portugal
Kiruna,Sweden
Tours,France
Xitou,China
Xiangqiao,China
Hasaki,Japan
Nakatsugawa,Japan
Presidente Prudente,Brazil
Winong,Indonesia
Tiantai,China
Viangxai,Laos
Capalonga,Philippines
Quime,Bolivia
Colombo,Brazil
Charleston,United States
Igbo Ora,Nigeria
Vale da Bajouca,Portugal
Sepahua,Peru
Eslöv,Sweden
Shangqiu,China
Zlonice,Czech Republic
Marāveh Tappeh,Iran
El Paso,United States
Anjozorobe,Madagascar
Longmenfan,China
Pulong Sampalok,Philippines
Masantol,Philippines
Samacá,Colombia
Gaotang,China
Kez,Russia
Chuantang,China
Ruangwa,Tanzania
Kakamas,South Africa
Rosaspata,Peru
El Cocuy,Colombia
Angoram,Papua New Guinea
Presidente Dutra,Brazil
Jindong,China
Cetinje,Montenegro
Paracuru,Brazil
Hermosa,Philippines
Širvintos,Lithuania
Tver,Russia
Adamantina,Brazil
Stockholm,Sweden
Río Bueno,Chile
Guaimaca,Honduras
Coronel,Chile
Rumburk,Czech Republic
Salto,Argentina
Luobei,China
Chocz,Poland
Aikmel,Indonesia
Santa Cruz,Mexico
Old City,Palestinian Territory
Butiama,Tanzania
Narva-Jõesuu,Estonia
Tantamayo,Peru
Bebekan,Indonesia
Whistler,Canada
Lingkou,China
Mogocha,Russia
Nuevo Arraiján,Panama
Jocotán,Guatemala
Darungan Lor,Indonesia
Porta,Portugal
Qingyuan,China
Wolomoni,Indonesia
Óbidos,Portugal
Sotíra,Cyprus
Byala,Bulgaria
Jiefangyan,China
Baoping,China
Surazh,Russia
Kawalimukti,Indonesia
Vårby,Sweden
Ogōri-shimogō,Japan
Tucson,United States
Yelenendorf,Azerbaijan
Kradinan,Indonesia
Amiens,France
Xiaowuzhan,China
Wutun,China
Topol’noye,Russia
Jardoeira,Portugal
Paris 11,France
Scottsdale,United States
Sabtang,Philippines
Karagandy,Kazakhstan
Longwu,China
Cimo de Vila,Portugal
Kołczygłowy,Poland
Palatine,United States
Jajarkrajan,Indonesia
Zipaquirá,Colombia
Katima Mulilo,Namibia
Chauk,Myanmar
Chocz,Poland
Lecong,China
Thành Phố Hạ Long,Vietnam
Benevides,Brazil
Solana,Philippines
Psychikó,Greece
Tongqian,China
Hanyuan,China
Sahatsakhan,Thailand
Amagbagan,Philippines
Samborondón,Ecuador
Féres,Greece
Langenburg,Canada
Ankazobe,Madagascar
Daxing,China
Jukui,China
Villa Constitución,Argentina
Paringin,Indonesia
Bichura,Russia
Wedoro,Indonesia
Wat Sing,Thailand
Bergville,South Africa
Gominhães,Portugal
Xihongmen,China
Radocza,Poland
Le Mans,France
Uppsala,Sweden
Ban Talat Bueng,Thailand
Hepo,China
Áyios Nikólaos,Greece
Landskrona,Sweden
Vicuña,Chile
Cruzeiro,Portugal
Passo Fundo,Brazil
Khamis Mushait,Saudi Arabia
Sumoto,Japan
Magole,Tanzania
Sarulla,Indonesia
Okayama-shi,Japan
Kihurio,Tanzania
Saumur,France
Zhanghekou,China
Nandayure,Costa Rica
Hukeng,China
Baiima,Sierra Leone
Bandhagen,Sweden
Békéscsaba,Hungary
Gunungputri,Indonesia
Tongda,China
Fubin,China
Nanger,Indonesia
Buesaco,Colombia
Dayr Sāmit,Palestinian Territory
Moyale,Kenya
Békéscsaba,Hungary
Changbai,China
Sepanjang,Indonesia
Singaraja,Indonesia
Paris 20,France
Qingshan,China
Haoshui,China
Korsze,Poland
Vila Franca,Portugal
Panshan,China
Sydney,Australia
Williston,South Africa
Kauniainen,Finland
Mỏ Cày,Vietnam
Chambar,Pakistan
Turtas,Russia
Hoit Taria,China
Amparita,Indonesia
Gudermes,Russia
Baojiadian,China
Dera Bugti,Pakistan
Pilaya,Bolivia
Huquan,China
Vällingby,Sweden
Nol,Sweden
Shikeng,China
Insua,Portugal
Jianshan,China
Huoqiu Chengguanzhen,China
Lydenburg,South Africa
Strašice,Czech Republic
Glasgow,United Kingdom
Tsukumiura,Japan
Guaiúba,Brazil
Główczyce,Poland
Singaraja,Indonesia
Mehona,Indonesia
Kebonan,Indonesia
Himi,Japan
Ell,Luxembourg
Washington,United States
San Antonio del Monte,El Salvador
Alikalia,Sierra Leone
Risālpur,Pakistan
Tacarigua,Venezuela
Wufeng,China
Askaniya Nova,Ukraine
Kyzyl-Oktyabr’skiy,Russia
Guocun,China
Toyós,Honduras
Fengpo,China
Shengli,China
Lasi Dua,Indonesia
Louriceira,Portugal
Bordeaux,France
Bacheng,China
Valladolid,Spain
Vogar,Iceland
Wufu,China
Horka nad Moravou,Czech Republic
Barbacena,Brazil
Dmytrivka,Ukraine
Taung,South Africa
Wendengying,China
Porosozero,Russia
Doloplazy,Czech Republic
Ngangpo,Indonesia
Rengang,China
Jatirejo,Indonesia
Namyangju,South Korea
Funaishikawa,Japan
Mazongling,China
Mamuša,Kosovo
Brändö,Aland Islands
Mucuri,Brazil
Song,Thailand
Povedniki,Russia
Cengang,China
Yingpu,China
Vinha,Portugal
Santo Niño,Philippines
Qinggou,China
Tiantang,China
Bundibugyo,Uganda
Pontes,Portugal
Na'ale,Israel
Rudong,China
Cihe,China
El Real,Venezuela
Tiancheng,China
Shishan,China
Río Viejo,Colombia
Hinvi,Benin
Nigel,South Africa
Siennica Różana,Poland
Zhangcun,China
Montreuil,France
Wilcza,Poland
Pamiers,France
Chaparral,Colombia
Tunasbaru,Indonesia
Bajera,Indonesia
São Borja,Brazil
Yinhe,China
Rosebank,South Africa
Shagang,China
San Ignacio,Honduras
Weishanzhuang,China
Ganyesa,South Africa
Barreira,Portugal
Deán Funes,Argentina
Tapes,Brazil
Yanmenguan,China
Dakhla,Western Sahara
Puutuga,Indonesia
San Jose,Philippines
Wuyo,Nigeria
Podu,China
Heshui,China
Brandýs nad Labem-Stará Boleslav,Czech Republic
Pyrzyce,Poland
Ochota,Poland
Västra Frölunda,Sweden
Shawnee Mission,United States
Kiuteta,Indonesia
Curridabat,Costa Rica
Kopashnovo,Ukraine
San Pedro,Costa Rica
Dhahi,Yemen
Mlawe,Indonesia
San Fernando del Valle de Catamarca,Argentina
Seogeom-ri,South Korea
Fujisawa,Japan
Ermelo,South Africa
San Antonio,United States
Krajan,Indonesia
Indianapolis,United States
Kamenný Přívoz,Czech Republic
Arevik,Armenia
Vrachnaíika,Greece
Munggang,Indonesia
Ankazoabo,Madagascar
Tietê,Brazil
Ogoja,Nigeria
Shekou,China
N'Djamena,Chad
Ya’ngan,China
Thị Trấn Yên Thế,Vietnam
Piraí,Brazil
Nagpandayan,Philippines
Shushenskoye,Russia
Lexington,United States
Jiepai,China
Asino,Russia
Yaguarón,Paraguay
Kampong Chhnang,Cambodia
Mohale’s Hoek,Lesotho
Camasca,Honduras
Ilagan,Philippines
Seremban,Malaysia
Acas,Peru
Altares,Portugal
Cimanggu Wetan,Indonesia
Strathmore,Canada
Malindi,Kenya
Energetik,Russia
Frederiksberg,Denmark
Nelas,Portugal
Petaling Jaya,Malaysia
Ängelholm,Sweden
Futian,China
Qinglong,China
Campamento,Honduras
Namballe,Peru
Aston,United Kingdom
Buenavista,Mexico
Miyakonojō,Japan
Linhares,Brazil
Kanal,Slovenia
Jiaogong,China
Doumé,Cameroon
Xiongguan,China
Prochowice,Poland
Matsumoto,Japan
Qingyang,China
Benevides,Brazil
Guilhabreu,Portugal
Limbalod,Philippines
Quintão,Portugal
Estância,Brazil
Wenqiao,China
Acton Vale,Canada
Sīlat al Ḩārithīyah,Palestinian Territory
Ar Rifā‘,Bahrain
Ras al-Khaimah,United Arab Emirates
Yuecheng,China
Lemland,Aland Islands
Jambulang,Indonesia
Busia,Kenya
Kangaslampi,Finland
Budzów,Poland
Puutura,Indonesia
Khomutovo,Russia
Banjeru,Indonesia
Yaoundé,Cameroon
Little Rock,United States
Bistrica pri Tržiču,Slovenia
Agía Varvára,Greece
Javorník,Czech Republic
Barroco,Portugal
Mirnyy,Russia
Kazanlŭk,Bulgaria
Northern Suburbs Mc,Australia
Busdi,Philippines
Otaniemi,Finland
Zhongguan,China
Pappadátes,Greece
Pustá Polom,Czech Republic
Millet,Canada
Buštěhrad,Czech Republic
Margabakti,Indonesia
Armenia,Philippines
Orlando,United States
Paojan,Indonesia
Pisangkemeng,Indonesia
Muḩradah,Syria
Duas Igrejas,Portugal
Cela,Portugal
Butiá,Brazil
Medianeira,Brazil
Jandir,Indonesia
Huandiqiao,China
Ylämaa,Finland
Uritsk,Russia
Sharga,Mongolia
Žrnovo,Croatia
Nicasio,Peru
Santa Teresita,Philippines
Волочаевское,Russia
Faisalābād,Pakistan
Nanxia,China
Kaczory,Poland
New Cebu,Philippines
Uzda,Belarus
Abrantes,Portugal
Xiyang,China
Mancos,Peru
Guaporé,Brazil
Chujiang,China
Trzcińsko Zdrój,Poland
Duba-Yurt,Russia
Dolní Libina,Czech Republic
Kauniainen,Finland
Danja,Nigeria
Limanowa,Poland
Qaşr Hallāl,Tunisia
San Marcos,Colombia
Shtip,Macedonia
Panggung,Indonesia
Lyublino,Russia
Chalcos,Peru
Batad,Philippines
Maevatanana,Madagascar
Qushi’an,China
Montinho,Portugal
Lanxi,China
Patía,Colombia
Chenzhuang,China
Lékoni,Gabon
Singojuruh,Indonesia
Xinzhou,China
Longchi,China
Guangdu,China
Chiang Khan,Thailand
Alapayevsk,Russia
Krasnogorodskoye,Russia
Greensboro,United States
Basseterre,Saint Kitts and Nevis
Wuli,China
Shuidun,China
Zhushan,China
Lushikeng,China
Nuštar,Croatia
Kotabaru Hilir,Indonesia
Cruzeiro do Oeste,Brazil
Bretaña,Peru
Waiholo,Indonesia
Diré,Mali
Tigaherang,Indonesia
Bejucal,Cuba
Iralaya,Honduras
Kuče,Croatia
Marseille,France
Lukovica pri Domžalah,Slovenia
Selemadeg Kelod,Indonesia
Lom Kao,Thailand
Sulęcin,Poland
Pisan,Indonesia
Nawābganj,Bangladesh
Vacaria,Brazil
Perzów,Poland
Barajalan,Indonesia
Uvarovo,Russia
Altamira,Venezuela
Mbuji-Mayi,Democratic Republic of the Congo
Eldoret,Kenya
Palampal,Indonesia
Taraban Timur,Indonesia
Currais Novos,Brazil
Trudovoye,Russia
Bystra,Poland
Visby,Sweden
Boston,United States
Örebro,Sweden
Darband,Tajikistan
Tulungrejo,Indonesia
Ciherang,Indonesia
Babak,Philippines
Filabusi,Zimbabwe
Kaduela,Indonesia
Dalongzhan,China
Guihing Proper,Philippines
Gayabaru,Indonesia
Tyrawa Wołoska,Poland
Saint-Lin-Laurentides,Canada
Salakuray,Indonesia
La Courneuve,France
Saurimo,Angola
Lípa,Czech Republic
Akhaltsikhe,Georgia
Risaralda,Colombia
Santiago de los Caballeros,Dominican Republic
La Floresta,Uruguay
Uppsala,Sweden
Cedry Wielkie,Poland
Arcos,Portugal
Limeiras,Portugal
Liyang,China
Sacramento,United States
Podbuzh,Ukraine
Peña,Philippines
Sarkand,Kazakhstan
Huacheng,China
Puji,China
Aberdeen,United Kingdom
Krrabë,Albania
Kota Kinabalu,Malaysia
Renfengzhuang,China
Jesenice,Croatia
Cookshire-Eaton,Canada
Kazinka,Russia
Aulnay-sous-Bois,France
Bungkulan,Indonesia
Aldeia do Bispo,Portugal
Bukowiec,Poland
Đà Bắc,Vietnam
Jiawu,China
Manfalūţ,Egypt
Choloma,Honduras
Zhili,China
Warungtanjung,Indonesia
Dazhou,China
Santa Teresa,Philippines
Sugihan,Indonesia
Nggelok,Indonesia
Babakankalong,Indonesia
Angkup,Indonesia
San Isidro,Mexico
Ipil,Philippines
Lombog,Philippines
Huaping,China
Chuncheon,South Korea
Nis’oni,Indonesia
Jiehu,China
Hradec Králové,Czech Republic
El Pao,Venezuela
Curridabat,Costa Rica
Pho Thale,Thailand
Aurelliana,Philippines
Lenešice,Czech Republic
Liren,China
Cucutilla,Colombia
Şuwayr,Yemen
Laironja,Indonesia
Qarqīn,Afghanistan
Nova Viçosa,Brazil
Voi,Kenya
Trélissac,France
Capioví,Argentina
Sukamantri Satu,Indonesia
Ýpsonas,Cyprus
Iporá,Brazil
Regidor,Colombia
Az Zintān,Libya
Shinpokh,Pakistan
Malumfashi,Nigeria
La Esperanza,Mexico
Orikhiv,Ukraine
Bihoro,Japan
Kikuchi,Japan
La Curva,Philippines
Hebei,China
Wanagiri,Indonesia
Ganhe,China
Pakokku,Myanmar
Independencia,Mexico
Shangzhuang,China
General Pinedo,Argentina
Mutā Khān,Afghanistan
Beizhakou,China
Dorotea,Sweden
Gorna Oryakhovitsa,Bulgaria
Isnā,Egypt
Tunja,Colombia
Stockholm,Sweden
Comalapa,Nicaragua
Tiberias,Israel
Nyangao,Tanzania
Sernur,Russia
Cikupa,Indonesia
Vincennes,France
Tari,Papua New Guinea
Tanabi,Brazil
Shouxihu,China
El Jícaro,Guatemala
Chojnice,Poland
Palopo,Indonesia
Ciénaga de Oro,Colombia
Pulorejo,Indonesia
Qal‘ah-ye Kūf,Afghanistan
Ribeira do Pombal,Brazil
Diên Khánh,Vietnam
Madīnat Sittah Uktūbar,Egypt
Saryg-Sep,Russia
Mira,Portugal
Gunung Talang,Indonesia
Le Mans,France
Pas Pul,Afghanistan
Medeiros Neto,Brazil
Gushan,China
Voronezh,Russia
Netvořice,Czech Republic
Douane,Tunisia
Wupu,China
Tepal,Indonesia
Nova Varoš,Serbia
Tiksi,Russia
Valparaíso,Brazil
Skënderbegas,Albania
Bom Sucesso,Portugal
San Jose del Monte,Philippines
Ekazhevo,Russia
Ar Rābiyah,Kuwait
Phra Nakhon Si Ayutthaya,Thailand
Strängnäs,Sweden
Dapdapan,Philippines
Miass,Russia
Alcoutim,Portugal
Pucyura,Peru
Tempel,Indonesia
Santa Teresa,Nicaragua
Tsul-Ulaan,Mongolia
Batujaran,Indonesia
Balekambang,Indonesia
Fushan,China
Ban Phan Don,Thailand
Coolock,Ireland
Ambatolaona,Madagascar
Momignies,Belgium
Taixi,China
Tuusula,Finland
Hatsukaichi,Japan
Khōshī,Afghanistan
Wellington,New Zealand
Huangjindong,China
Isla,Philippines
Standerton,South Africa
Sukhinichi,Russia
Karangdalam,Indonesia
Kamenka,Russia
Libertador General San Martín,Argentina
Ovacik,Turkey
Torino,Italy
Jardín América,Argentina
Tipolo,Philippines
Mindupok,Philippines
Itiruçu,Brazil
Palompon,Philippines
Azteca,Mexico
Borūjerd,Iran
Żórawina,Poland
Charras,Argentina
Ārān Bīdgol,Iran
Capiíbary,Paraguay